Model,AUC,Sens,Spec,F1
XGBoost,0.6193996128068648,0.07375886524822695,0.960429242119383,0.12745098039215685
RF,0.5986120029871903,0.0,1.0,0.0
